Name,Cost,Days,Trip Grade,Altitude,Accomodation,Best Travel Time,Contact or Book your Trip
Everest Base Camp Trek,1420,16.0,Moderate,5545,Hotel/Guesthouse,March - May & Sept - Dec,https://www.nepalhikingteam.com
Everest Base Camp Short Trek,1295,14.0,Moderate,5545,Hotel/Guesthouse,March - May & Sept - Dec,https://www.nepalhikingteam.com
Everest Base Camp Heli Shuttle Trek,2000,12.0,Moderate,5545,Hotel/Guesthouse,March - May & Sept - Dec,https://www.nepalhikingteam.com
Everest Base Camp Heli Trek,3300,11.0,Moderate,5545,Hotel/Guesthouse,March - May & Sept - Dec,https://www.nepalhikingteam.com
Everest Base Camp Trek for Seniors,1800,20.0,Moderate,5545,Hotel/Guesthouse,March - May & Sept - Dec,https://www.nepalhikingteam.com
Everest Chola Pass Trek,1720,19.0,Strenuous,5545,Hotel/Guesthouse,March - May & Sept - Dec,https://www.nepalhikingteam.com
Gokyo Lake Renjo La Pass Trek,1450,16.0,Moderate,5360,Hotel/Guesthouse,March - May & Sept - Dec.,https://www.nepalhikingteam.com
Everest High Passes Trek,1950,22.0,Strenuous,5545,Hotel/Guesthouse,April - May & Sept - Nov,https://www.nepalhikingteam.com
Short Everest Trek,1060,7.0,Easy To Moderate,3900,Hotel/Guesthouse,March - May & Sept - Dec.,https://www.nepalhikingteam.com
Everest Panorama Trek,1150,10.0,Easy To Moderate,3860,Hotel/Guesthouse,Jan - May & Sept - Dec,https://www.nepalhikingteam.com
Everest View Trek,1100,9.0,Easy To Moderate,3860,Hotel/Guesthouse,Jan - May & Sept - Dec,https://www.nepalhikingteam.com
Luxury Everest Base Camp Heli Trek,4200,11.0,Moderate,5545,Hotel/Teahouse,March-May & Sept-Dec.,https://www.nepalhikingteam.com
Everest Base Camp Trek with Chola and Renjo La Pass,1900,21.0,Strenuous,5545,Hotel/Guesthouse,March - May & Sept - Nov,https://www.nepalhikingteam.com
Annapurna Base Camp Trek,1090,14.0,Moderate,4210,Hotel/Guesthouse,March - May & Sept - Dec,https://www.nepalhikingteam.com
Annapurna Base Camp Short Trek,1090,11.0,Easy To Moderate,4210,Hotel/Teahouses,March - May & Sept - Dec,https://www.nepalhikingteam.com
Instant Annapurna Base Camp Trek,980,9.0,Moderate,4230,Hotel/Guest Houses,March - May & Sept - Dec.,https://www.nepalhikingteam.com
Annapurna Base Camp Heli Trek,1750,9.0,Easy To Moderate,4210,Hotel/Teahouses,March - May & Sept - Dec,https://www.nepalhikingteam.com
Mardi Himal Trek,850,9.0,Easy To Moderate,4200,Hotel/Guesthouses,March - May & Sept - Dec,https://www.nepalhikingteam.com
Mardi Himal Trekking,850,8.0,Easy To Moderate,4200,Hotel/Guesthouse,March-May & Sept-Dec.,https://www.nepalhikingteam.com
Classic Annapurna Circuit Trek,1350,18.0,Moderate,5416,Hotel/Teahouses,March - May & Sept - Nov,https://www.nepalhikingteam.com
Annapurna Circuit Trek,1250,14.0,Moderate,5416,Hotel/Teahouses,March-May & Sept-Dec,https://www.nepalhikingteam.com
Annapurna Circuit Short Trek,1250,12.0,Strenuous,5416,Hotel/Guesthouse,March - May & Sept - Nov.,https://www.nepalhikingteam.com
Annapurna Luxury Trek,1450,9.0,Easy To Moderate,2012,Hotel/Luxury Lodges,March - May & Setpt - Dec,https://www.nepalhikingteam.com
Annapurna Panorama Trek,860,9.0,Easy,3210,Hotel/Teahouse,Jan - May & Sept - Dec,https://www.nepalhikingteam.com
Annapurna Tilicho Lake Trek,1450,17.0,Strenuous,5416,Hotel/Guesthouse,March - May & Sept - Nov,https://www.nepalhikingteam.com
Short Annapurna Trek,590,5.0,Easy,1990,Hotel/Lodges,Jan- May & Sept - Dec,https://www.nepalhikingteam.com
Manaslu Circuit Trek,1450,15.0,Strenuous,5106,Hotel/Guesthouse,March - May & Sept - Nov,https://www.nepalhikingteam.com
Manaslu Circuit Trekking,1380,14.0,Moderate,5220,Hotel/Teahouses,March - May & Setpt - Nov,https://www.nepalhikingteam.com
Tsum Valley with Manaslu Trek,1850,20.0,Strenuous,5220,Hotel/Guesthouse,March - May & Sept - Nov,https://www.nepalhikingteam.com
Upper Mustang Trek,2150,17.0,Easy To Moderate,4210,Hotel/Guesthouse,March - May & Sept - Nov.,https://www.nepalhikingteam.com
Upper Mustang Trek with Yara,2300,18.0,Easy To Moderate,4200,Hotel/Lodges,March - Nov,https://www.nepalhikingteam.com
Upper Mustang Tiji Festival Trek,2150,18.0,Easy To Moderate,4210,Hotel/Teahouses,March - May & Sept - Nov,https://www.nepalhikingteam.com
Langtang Valley Trek,750,10.0,Easy To Moderate,5050,Hotel/Teahouse,March-May & Sept-Dec,https://www.nepalhikingteam.com
Langtang Gosaikunda Trek,1180,16.0,Easy To Moderate,4600,Hotel/Guesthouse,March - May & Sept - Dec,https://www.nepalhikingteam.com
Tamang Heritage Trek,920,14.0,Easy To Moderate,5050,Hotel/Guesthouse,March - May & Sept - Dec,https://www.nepalhikingteam.com
Tamang Heritage Trail,750,8.0,Easy,2607,Teahouses/Lodges,Jan - May & Sept - Dec,https://www.nepalhikingteam.com
Helambu Trek,780,9.0,Easy,3650,Hotel/Guesthouse,Jan - May & Sept- Dec,https://www.nepalhikingteam.com
Annapurna Base Camp Trek  ,1499,11.0,Moderate+Demanding,4130,Hotel/Guesthouse,Jan - May & Sept - Dec,https://www.himalayanglacier.com
Everest Base Camp Trek for Youths  ,1750,14.0,Demanding,5545,Hotel/Guesthouse,Jan - May & Sept - Dec,https://www.himalayanglacier.com
Everest Base Camp Short Trek  ,1499,14.0,Demanding,5545,Hotel/Guesthouse,Jan - May & Sept - Dec,https://www.himalayanglacier.com
Everest Base Camp Trek  ,1499,16.0,Moderate+Demanding,5545,Hotel/Guesthouse,Jan - May & Sept - Dec,https://www.himalayanglacier.com
Annapurna Circuit Trek  ,1499,17.0,Demanding,5416,Hotel/Guesthouse,Jan - May & Sept - Dec,https://www.himalayanglacier.com
Everest Base Camp Luxury Lodge Trek  ,1499,15.0,Demanding,5545,Hotel/Guesthouse,Jan - May & Sept - Dec,https://www.himalayanglacier.com
Everest Base Camp Trek via Gokyo Lakes and Cho La Pass  ,1499,18.0,Demanding,5545,Hotel/Guesthouse,Jan - May & Sept - Dec,https://www.himalayanglacier.com
Upper Mustang Trek  ,1499,17.0,Moderate+Demanding,3870,Hotel/Guesthouse,Jan - May & Sept - Dec,https://www.himalayanglacier.com
Everest Advanced Base Camp Trek from Tibet  ,1499,18.0,Moderate+Demanding,6340,Hotel/Guesthouse,Jan - May & Sept - Dec,https://www.himalayanglacier.com
Gokyo Lakes and Gokyo Ri Trek  ,1499,14.0,Moderate+Demanding,5357,Hotel/Guesthouse,Jan - May & Sept - Dec,https://www.himalayanglacier.com
Mardi Himal Trek  ,1499,10.0,Moderate,3540,Hotel/Guesthouse,Jan - May & Sept - Dec,https://www.himalayanglacier.com
Manaslu Circuit Trek  ,1499,18.0,Demanding,5160,Hotel/Guesthouse,Jan - May & Sept - Dec,https://www.himalayanglacier.com
Langtang Valley Trek  ,1499,11.0,Moderate+Demanding,5000,Hotel/Guesthouse,Jan - May & Sept - Dec,https://www.himalayanglacier.com
Annapurna Sanctuary Trek  ,1499,14.0,Moderate+Demanding,4130,Hotel/Guesthouse,Jan - May & Sept - Dec,https://www.himalayanglacier.com
Rara Lake Trek  ,1499,15.0,Moderate,3055,Hotel/Guesthouse,Jan - May & Sept - Dec,https://www.himalayanglacier.com
Everest High Passes Trek  ,1499,20.0,Demanding,5546,Hotel/Guesthouse,Jan - May & Sept - Dec,https://www.himalayanglacier.com
Kanchenjunga Circuit Trek  ,1499,25.0,Demanding,5143,Hotel/Guesthouse,Jan - May & Sept - Dec,https://www.himalayanglacier.com
Everest View Trek  ,1499,12.0,Light+Moderate,3870,Hotel/Guesthouse,Jan - May & Sept - Dec,https://www.himalayanglacier.com
Tsum Valley Trek  ,1499,19.0,Demanding,6000,Hotel/Guesthouse,Jan - May & Sept - Dec,https://www.himalayanglacier.com
The Royal Trek  ,1499,9.0,Moderate,1730,Hotel/Guesthouse,Jan - May & Sept - Dec,https://www.himalayanglacier.com
Makalu Base Camp Trek  ,1499,22.0,Demanding+Challenging,4870,Hotel/Guesthouse,Jan - May & Sept - Dec,https://www.himalayanglacier.com
"Langtang, Gosainkunda and Helambu Trek  ",1499,17.0,Moderate,5000,Hotel/Guesthouse,Jan - May & Sept - Dec,https://www.himalayanglacier.com
Nar Phu Valley Trek  ,1499,19.0,Demanding,5416,Hotel/Guesthouse,Jan - May & Sept - Dec,https://www.himalayanglacier.com
Annapurna Circle Trek  ,1499,14.0,Demanding,5416,Hotel/Guesthouse,Jan - May & Sept - Dec,https://www.himalayanglacier.com
Everest Kangshung Face Trek  ,1499,21.0,Demanding+Challenging,5320,Hotel/Guesthouse,Jan - May & Sept - Dec,https://www.himalayanglacier.com
Tsum Valley and Manaslu Trek  ,1499,27.0,Demanding,4460,Hotel/Guesthouse,Jan - May & Sept - Dec,https://www.himalayanglacier.com
Khopra Ridge Community Trek  ,1499,13.0,Moderate+Demanding,4500,Hotel/Guesthouse,Jan - May & Sept - Dec,https://www.himalayanglacier.com
Nepal Experience Tour  ,1499,12.0,Light,3210,Hotel/Guesthouse,Jan - May & Sept - Dec,https://www.himalayanglacier.com
Annapurna Circuit Trek with Tilicho Lake and Poon Hill  ,1499,20.0,Demanding,5416,Hotel/Guesthouse,Jan - May & Sept - Dec,https://www.himalayanglacier.com
Annapurna With Tilicho Lake Trek  ,1499,17.0,Demanding,5416,Hotel/Guesthouse,Jan - May & Sept - Dec,https://www.himalayanglacier.com
Langtang Valley Trek with Ganja la Pass  ,1499,14.0,Demanding+Challenging,5122,Hotel/Guesthouse,Jan - May & Sept - Dec,https://www.himalayanglacier.com
Tamang Heritage Trek  ,1499,14.0,Moderate,3870,Hotel/Guesthouse,Jan - May & Sept - Dec,https://www.himalayanglacier.com
Manaslu and Annapurna Trek with Tilicho Lake  ,1499,25.0,Demanding,5416,Hotel/Guesthouse,Jan - May & Sept - Dec,https://www.himalayanglacier.com
Nepal Trekking and Everest Himalaya Heli Tour  ,1499,7.0,Moderate,5545,Hotel/Guesthouse,Jan - May & Sept - Dec,https://www.himalayanglacier.com
Nepal Hiking and Culture Tour  ,1499,8.0,Moderate,1550,Hotel/Guesthouse,Jan - May & Sept - Dec,https://www.himalayanglacier.com
Annapurna Sunrise and Everest View Trek  ,1499,17.0,Moderate,3870,Hotel/Guesthouse,Jan - May & Sept - Dec,https://www.himalayanglacier.com
Tenzing Hillary Everest Marathon  ,1499,20.0,Demanding+Challenging,5545,Hotel/Guesthouse,Jan - May & Sept - Dec,https://www.himalayanglacier.com
Everest Base Camp Trek,1450,16.0,Moderate-Hard,5545,Hotel/Guesthouse,Jan - May & Sept - Dec,https://www.adventurehimalayacircuit.com
Everest Kalapathar Trekking,1390,15.0,Moderate-Hard,5545,Hotel/Guesthouse,Jan - May & Sept - Dec,https://www.adventurehimalayacircuit.com
Everest Panorama Trek,1040,10.0,Easy-Moderate,3860,Hotel/Guesthouse,Jan - May & Sept - Dec,https://www.adventurehimalayacircuit.com
Everest Base Camp Trek via Gokyo Lake,1530,19.0,Moderate-Hard,5545,Hotel/Guesthouse,Jan - May & Sept - Dec,https://www.adventurehimalayacircuit.com
Gokyo Lake Trek,1190,13.0,Moderate,5357,Hotel/Guesthouse,Jan - May & Sept - Dec,https://www.adventurehimalayacircuit.com
Everest Base Camp Heli Trek,3600,9.0,Moderate,5545,Hotel/Guesthouse,Jan - May & Sept - Dec,https://www.adventurehimalayacircuit.com
Annapurna Circuit Trek,1100,19.0,Moderate-Hard,5416,Hotel/Guesthouse,Jan - May & Sept - Dec,https://www.adventurehimalayacircuit.com
Annapurna Base Camp Trek,1090,16.0,Moderate,4130,Hotel/Guesthouse,Jan - May & Sept - Dec,https://www.adventurehimalayacircuit.com
Ghorepani Poon Hill Trek,450,10.0,Easy,3210,Hotel/Guesthouse,Jan - May & Sept - Dec,https://www.adventurehimalayacircuit.com
Upper Mustang Trek,2100,17.0,Moderate-Hard,4200,Hotel/Guesthouse,Jan - May & Sept - Dec,https://www.adventurehimalayacircuit.com
Mardi Himal Trek,590,9.0,Easy-Moderate,4500,Hotel/Guesthouse,Jan - May & Sept - Dec,https://www.adventurehimalayacircuit.com
Langtang Valley Trekking,690,11.0,Moderate,4773,Hotel/Guesthouse,Jan - May & Sept - Dec,https://www.adventurehimalayacircuit.com
Manaslu Circuit Trek,1190,17.0,Moderate-Hard,5220,Hotel/Guesthouse,Jan - May & Sept - Dec,https://www.adventurehimalayacircuit.com
Annapurna Base Camp Trek,1090,14.0,Moderate,4210,Hotel/Guesthouse,March - May & Sept - Dec,https://www.nepalhikingteam.com
Annapurna Base Camp Short Trek,1090,11.0,Easy To Moderate,4210,Hotel/Teahouses,March - May & Sept - Dec,https://www.nepalhikingteam.com
Instant Annapurna Base Camp Trek,980,9.0,Moderate,4230,Hotel/Guest Houses,March - May & Sept - Dec.,https://www.nepalhikingteam.com
Annapurna Base Camp Heli Trek,1750,9.0,Easy To Moderate,4210,Hotel/Teahouses,March - May & Sept - Dec,https://www.nepalhikingteam.com
Mardi Himal Trek,850,9.0,Easy To Moderate,4200,Hotel/Guesthouses,March - May & Sept - Dec,https://www.nepalhikingteam.com
Mardi Himal Trekking,850,8.0,Easy To Moderate,4200,Hotel/Guesthouse,March-May & Sept-Dec.,https://www.nepalhikingteam.com
Classic Annapurna Circuit Trek,1350,18.0,Moderate,5416,Hotel/Teahouses,March - May & Sept - Nov,https://www.nepalhikingteam.com
Annapurna Circuit Trek,1250,14.0,Moderate,5416,Hotel/Teahouses,March-May & Sept-Dec,https://www.nepalhikingteam.com
Annapurna Circuit Short Trek,1250,12.0,Strenuous,5416,Hotel/Guesthouse,March - May & Sept - Nov.,https://www.nepalhikingteam.com
Annapurna Luxury Trek,1450,9.0,Easy To Moderate,2012,Hotel/Luxury Lodges,March - May & Setpt - Dec,https://www.nepalhikingteam.com
Annapurna Panorama Trek,860,9.0,Easy,3210,Hotel/Teahouse,Jan - May & Sept - Dec,https://www.nepalhikingteam.com
Annapurna Tilicho Lake Trek,1450,17.0,Strenuous,5416,Hotel/Guesthouse,March - May & Sept - Nov,https://www.nepalhikingteam.com
Short Annapurna Trek,590,5.0,Easy,1990,Hotel/Lodges,Jan- May & Sept - Dec,https://www.nepalhikingteam.com
Manaslu Circuit Trek,1450,15.0,Strenuous,5106,Hotel/Guesthouse,March - May & Sept - Nov,https://www.nepalhikingteam.com
Manaslu Circuit Trekking,1380,14.0,Moderate,5220,Hotel/Teahouses,March - May & Setpt - Nov,https://www.nepalhikingteam.com
Tsum Valley with Manaslu Trek,1850,20.0,Strenuous,5220,Hotel/Guesthouse,March - May & Sept - Nov,https://www.nepalhikingteam.com
Upper Mustang Trek,2150,17.0,Easy To Moderate,4210,Hotel/Guesthouse,March - May & Sept - Nov.,https://www.nepalhikingteam.com
Upper Mustang Trek with Yara,2300,18.0,Easy To Moderate,4200,Hotel/Lodges,March - Nov,https://www.nepalhikingteam.com
Upper Mustang Tiji Festival Trek,2150,18.0,Easy To Moderate,4210,Hotel/Teahouses,March - May & Sept - Nov,https://www.nepalhikingteam.com
Langtang Valley Trek,750,10.0,Easy To Moderate,5050,Hotel/Teahouse,March-May & Sept-Dec,https://www.nepalhikingteam.com
Langtang Gosaikunda Trek,1180,16.0,Easy To Moderate,4600,Hotel/Guesthouse,March - May & Sept - Dec,https://www.nepalhikingteam.com
Tamang Heritage Trek,920,14.0,Easy To Moderate,5050,Hotel/Guesthouse,March - May & Sept - Dec,https://www.nepalhikingteam.com
Tamang Heritage Trail,750,8.0,Easy,2607,Teahouses/Lodges,Jan - May & Sept - Dec,https://www.nepalhikingteam.com
Helambu Trek,780,9.0,Easy,3650,Hotel/Guesthouse,Jan - May & Sept- Dec,https://www.nepalhikingteam.com
Annapurna Base Camp Trek  ,1499,11.0,Moderate+Demanding,4130,Hotel/Guesthouse,Jan - May & Sept - Dec,https://www.himalayanglacier.com
Everest Base Camp Trek for Youths  ,1750,14.0,Demanding,5545,Hotel/Guesthouse,Jan - May & Sept - Dec,https://www.himalayanglacier.com
Everest Base Camp Short Trek  ,1499,14.0,Demanding,5545,Hotel/Guesthouse,Jan - May & Sept - Dec,https://www.himalayanglacier.com
Everest Base Camp Trek  ,1499,16.0,Moderate+Demanding,5545,Hotel/Guesthouse,Jan - May & Sept - Dec,https://www.himalayanglacier.com
Annapurna Circuit Trek  ,1499,17.0,Demanding,5416,Hotel/Guesthouse,Jan - May & Sept - Dec,https://www.himalayanglacier.com
Everest Base Camp Luxury Lodge Trek  ,1499,15.0,Demanding,5545,Hotel/Guesthouse,Jan - May & Sept - Dec,https://www.himalayanglacier.com
Everest Base Camp Trek via Gokyo Lakes and Cho La Pass  ,1499,18.0,Demanding,5545,Hotel/Guesthouse,Jan - May & Sept - Dec,https://www.himalayanglacier.com
Upper Mustang Trek  ,1499,17.0,Moderate+Demanding,3870,Hotel/Guesthouse,Jan - May & Sept - Dec,https://www.himalayanglacier.com
Everest Advanced Base Camp Trek from Tibet  ,1499,18.0,Moderate+Demanding,6340,Hotel/Guesthouse,Jan - May & Sept - Dec,https://www.himalayanglacier.com
Gokyo Lakes and Gokyo Ri Trek  ,1499,14.0,Moderate+Demanding,5357,Hotel/Guesthouse,Jan - May & Sept - Dec,https://www.himalayanglacier.com
Mardi Himal Trek  ,1499,10.0,Moderate,3540,Hotel/Guesthouse,Jan - May & Sept - Dec,https://www.himalayanglacier.com
Manaslu Circuit Trek  ,1499,18.0,Demanding,5160,Hotel/Guesthouse,Jan - May & Sept - Dec,https://www.himalayanglacier.com
Langtang Valley Trek  ,1499,11.0,Moderate+Demanding,5000,Hotel/Guesthouse,Jan - May & Sept - Dec,https://www.himalayanglacier.com
Annapurna Sanctuary Trek  ,1499,14.0,Moderate+Demanding,4130,Hotel/Guesthouse,Jan - May & Sept - Dec,https://www.himalayanglacier.com
Rara Lake Trek  ,1499,15.0,Moderate,3055,Hotel/Guesthouse,Jan - May & Sept - Dec,https://www.himalayanglacier.com
Everest High Passes Trek  ,1499,20.0,Demanding,5546,Hotel/Guesthouse,Jan - May & Sept - Dec,https://www.himalayanglacier.com
Kanchenjunga Circuit Trek  ,1499,25.0,Demanding,5143,Hotel/Guesthouse,Jan - May & Sept - Dec,https://www.himalayanglacier.com
Everest View Trek  ,1499,12.0,Light+Moderate,3870,Hotel/Guesthouse,Jan - May & Sept - Dec,https://www.himalayanglacier.com
Tsum Valley Trek  ,1499,19.0,Demanding,6000,Hotel/Guesthouse,Jan - May & Sept - Dec,https://www.himalayanglacier.com
The Royal Trek  ,1499,9.0,Moderate,1730,Hotel/Guesthouse,Jan - May & Sept - Dec,https://www.himalayanglacier.com
Makalu Base Camp Trek  ,1499,22.0,Demanding+Challenging,4870,Hotel/Guesthouse,Jan - May & Sept - Dec,https://www.himalayanglacier.com
"Langtang, Gosainkunda and Helambu Trek  ",1499,17.0,Moderate,5000,Hotel/Guesthouse,Jan - May & Sept - Dec,https://www.himalayanglacier.com
Nar Phu Valley Trek  ,1499,19.0,Demanding,5416,Hotel/Guesthouse,Jan - May & Sept - Dec,https://www.himalayanglacier.com
Annapurna Circle Trek  ,1499,14.0,Demanding,5416,Hotel/Guesthouse,Jan - May & Sept - Dec,https://www.himalayanglacier.com
Everest Kangshung Face Trek  ,1499,21.0,Demanding+Challenging,5320,Hotel/Guesthouse,Jan - May & Sept - Dec,https://www.himalayanglacier.com
Tsum Valley and Manaslu Trek  ,1499,27.0,Demanding,4460,Hotel/Guesthouse,Jan - May & Sept - Dec,https://www.himalayanglacier.com
Khopra Ridge Community Trek  ,1499,13.0,Moderate+Demanding,4500,Hotel/Guesthouse,Jan - May & Sept - Dec,https://www.himalayanglacier.com
Nepal Experience Tour  ,1499,12.0,Light,3210,Hotel/Guesthouse,Jan - May & Sept - Dec,https://www.himalayanglacier.com
Annapurna Circuit Trek with Tilicho Lake and Poon Hill  ,1499,20.0,Demanding,5416,Hotel/Guesthouse,Jan - May & Sept - Dec,https://www.himalayanglacier.com
Annapurna With Tilicho Lake Trek  ,1499,17.0,Demanding,5416,Hotel/Guesthouse,Jan - May & Sept - Dec,https://www.himalayanglacier.com
Langtang Valley Trek with Ganja la Pass  ,1499,14.0,Demanding+Challenging,5122,Hotel/Guesthouse,Jan - May & Sept - Dec,https://www.himalayanglacier.com
Tamang Heritage Trek  ,1499,14.0,Moderate,3870,Hotel/Guesthouse,Jan - May & Sept - Dec,https://www.himalayanglacier.com
Manaslu and Annapurna Trek with Tilicho Lake  ,1499,25.0,Demanding,5416,Hotel/Guesthouse,Jan - May & Sept - Dec,https://www.himalayanglacier.com
Nepal Trekking and Everest Himalaya Heli Tour  ,1499,7.0,Moderate,5545,Hotel/Guesthouse,Jan - May & Sept - Dec,https://www.himalayanglacier.com
Nepal Hiking and Culture Tour  ,1499,8.0,Moderate,1550,Hotel/Guesthouse,Jan - May & Sept - Dec,https://www.himalayanglacier.com
Annapurna Sunrise and Everest View Trek  ,1499,17.0,Moderate,3870,Hotel/Guesthouse,Jan - May & Sept - Dec,https://www.himalayanglacier.com
Tenzing Hillary Everest Marathon  ,1499,20.0,Demanding+Challenging,5545,Hotel/Guesthouse,Jan - May & Sept - Dec,https://www.himalayanglacier.com
Everest Base Camp Trek,1450,16.0,Moderate-Hard,5545,Hotel/Guesthouse,Jan - May & Sept - Dec,https://www.adventurehimalayacircuit.com
Everest Kalapathar Trekking,1390,15.0,Moderate-Hard,5545,Hotel/Guesthouse,Jan - May & Sept - Dec,https://www.adventurehimalayacircuit.com
Everest Panorama Trek,1040,10.0,Easy-Moderate,3860,Hotel/Guesthouse,Jan - May & Sept - Dec,https://www.adventurehimalayacircuit.com
Everest Base Camp Trek via Gokyo Lake,1530,19.0,Moderate-Hard,5545,Hotel/Guesthouse,Jan - May & Sept - Dec,https://www.adventurehimalayacircuit.com
Gokyo Lake Trek,1190,13.0,Moderate,5357,Hotel/Guesthouse,Jan - May & Sept - Dec,https://www.adventurehimalayacircuit.com
Everest Base Camp Heli Trek,3600,9.0,Moderate,5545,Hotel/Guesthouse,Jan - May & Sept - Dec,https://www.adventurehimalayacircuit.com
Annapurna Circuit Trek,1100,19.0,Moderate-Hard,5416,Hotel/Guesthouse,Jan - May & Sept - Dec,https://www.adventurehimalayacircuit.com
Annapurna Base Camp Trek,1090,16.0,Moderate,4130,Hotel/Guesthouse,Jan - May & Sept - Dec,https://www.adventurehimalayacircuit.com
Ghorepani Poon Hill Trek,450,10.0,Easy,3210,Hotel/Guesthouse,Jan - May & Sept - Dec,https://www.adventurehimalayacircuit.com
Upper Mustang Trek,2100,17.0,Moderate-Hard,4200,Hotel/Guesthouse,Jan - May & Sept - Dec,https://www.adventurehimalayacircuit.com
Mardi Himal Trek,590,9.0,Easy-Moderate,4500,Hotel/Guesthouse,Jan - May & Sept - Dec,https://www.adventurehimalayacircuit.com
Langtang Valley Trekking,690,11.0,Moderate,4773,Hotel/Guesthouse,Jan - May & Sept - Dec,https://www.adventurehimalayacircuit.com
Manaslu Circuit Trek,1190,17.0,Moderate-Hard,5220,Hotel/Guesthouse,Jan - May & Sept - Dec,https://www.adventurehimalayacircuit.com
Annapurna Base Camp Trek,1090,14.0,Moderate,4210,Hotel/Guesthouse,March - May & Sept - Dec,https://www.nepalhikingteam.com
Annapurna Base Camp Short Trek,1090,11.0,Easy To Moderate,4210,Hotel/Teahouses,March - May & Sept - Dec,https://www.nepalhikingteam.com
Instant Annapurna Base Camp Trek,980,9.0,Moderate,4230,Hotel/Guest Houses,March - May & Sept - Dec.,https://www.nepalhikingteam.com
Annapurna Base Camp Heli Trek,1750,9.0,Easy To Moderate,4210,Hotel/Teahouses,March - May & Sept - Dec,https://www.nepalhikingteam.com
Mardi Himal Trek,850,9.0,Easy To Moderate,4200,Hotel/Guesthouses,March - May & Sept - Dec,https://www.nepalhikingteam.com
Mardi Himal Trekking,850,8.0,Easy To Moderate,4200,Hotel/Guesthouse,March-May & Sept-Dec.,https://www.nepalhikingteam.com
Classic Annapurna Circuit Trek,1350,18.0,Moderate,5416,Hotel/Teahouses,March - May & Sept - Nov,https://www.nepalhikingteam.com
Annapurna Circuit Trek,1250,14.0,Moderate,5416,Hotel/Teahouses,March-May & Sept-Dec,https://www.nepalhikingteam.com
Annapurna Circuit Short Trek,1250,12.0,Strenuous,5416,Hotel/Guesthouse,March - May & Sept - Nov.,https://www.nepalhikingteam.com
Annapurna Luxury Trek,1450,9.0,Easy To Moderate,2012,Hotel/Luxury Lodges,March - May & Setpt - Dec,https://www.nepalhikingteam.com
Annapurna Panorama Trek,860,9.0,Easy,3210,Hotel/Teahouse,Jan - May & Sept - Dec,https://www.nepalhikingteam.com
Annapurna Tilicho Lake Trek,1450,17.0,Strenuous,5416,Hotel/Guesthouse,March - May & Sept - Nov,https://www.nepalhikingteam.com
Short Annapurna Trek,590,5.0,Easy,1990,Hotel/Lodges,Jan- May & Sept - Dec,https://www.nepalhikingteam.com
Manaslu Circuit Trek,1450,15.0,Strenuous,5106,Hotel/Guesthouse,March - May & Sept - Nov,https://www.nepalhikingteam.com
Manaslu Circuit Trekking,1380,14.0,Moderate,5220,Hotel/Teahouses,March - May & Setpt - Nov,https://www.nepalhikingteam.com
Tsum Valley with Manaslu Trek,1850,20.0,Strenuous,5220,Hotel/Guesthouse,March - May & Sept - Nov,https://www.nepalhikingteam.com
Upper Mustang Trek,2150,17.0,Easy To Moderate,4210,Hotel/Guesthouse,March - May & Sept - Nov.,https://www.nepalhikingteam.com
Upper Mustang Trek with Yara,2300,18.0,Easy To Moderate,4200,Hotel/Lodges,March - Nov,https://www.nepalhikingteam.com
Upper Mustang Tiji Festival Trek,2150,18.0,Easy To Moderate,4210,Hotel/Teahouses,March - May & Sept - Nov,https://www.nepalhikingteam.com
Langtang Valley Trek,750,10.0,Easy To Moderate,5050,Hotel/Teahouse,March-May & Sept-Dec,https://www.nepalhikingteam.com
Langtang Gosaikunda Trek,1180,16.0,Easy To Moderate,4600,Hotel/Guesthouse,March - May & Sept - Dec,https://www.nepalhikingteam.com
Tamang Heritage Trek,920,14.0,Easy To Moderate,5050,Hotel/Guesthouse,March - May & Sept - Dec,https://www.nepalhikingteam.com
Tamang Heritage Trail,750,8.0,Easy,2607,Teahouses/Lodges,Jan - May & Sept - Dec,https://www.nepalhikingteam.com
Helambu Trek,780,9.0,Easy,3650,Hotel/Guesthouse,Jan - May & Sept- Dec,https://www.nepalhikingteam.com
Annapurna Base Camp Trek  ,1499,11.0,Moderate+Demanding,4130,Hotel/Guesthouse,Jan - May & Sept - Dec,https://www.himalayanglacier.com
Everest Base Camp Trek for Youths  ,1750,14.0,Demanding,5545,Hotel/Guesthouse,Jan - May & Sept - Dec,https://www.himalayanglacier.com
Everest Base Camp Short Trek  ,1499,14.0,Demanding,5545,Hotel/Guesthouse,Jan - May & Sept - Dec,https://www.himalayanglacier.com
Everest Base Camp Trek  ,1499,16.0,Moderate+Demanding,5545,Hotel/Guesthouse,Jan - May & Sept - Dec,https://www.himalayanglacier.com
Annapurna Circuit Trek  ,1499,17.0,Demanding,5416,Hotel/Guesthouse,Jan - May & Sept - Dec,https://www.himalayanglacier.com
Everest Base Camp Luxury Lodge Trek  ,1499,15.0,Demanding,5545,Hotel/Guesthouse,Jan - May & Sept - Dec,https://www.himalayanglacier.com
Everest Base Camp Trek via Gokyo Lakes and Cho La Pass  ,1499,18.0,Demanding,5545,Hotel/Guesthouse,Jan - May & Sept - Dec,https://www.himalayanglacier.com
Upper Mustang Trek  ,1499,17.0,Moderate+Demanding,3870,Hotel/Guesthouse,Jan - May & Sept - Dec,https://www.himalayanglacier.com
Everest Advanced Base Camp Trek from Tibet  ,1499,18.0,Moderate+Demanding,6340,Hotel/Guesthouse,Jan - May & Sept - Dec,https://www.himalayanglacier.com
Gokyo Lakes and Gokyo Ri Trek  ,1499,14.0,Moderate+Demanding,5357,Hotel/Guesthouse,Jan - May & Sept - Dec,https://www.himalayanglacier.com
Mardi Himal Trek  ,1499,10.0,Moderate,3540,Hotel/Guesthouse,Jan - May & Sept - Dec,https://www.himalayanglacier.com
Manaslu Circuit Trek  ,1499,18.0,Demanding,5160,Hotel/Guesthouse,Jan - May & Sept - Dec,https://www.himalayanglacier.com
Langtang Valley Trek  ,1499,11.0,Moderate+Demanding,5000,Hotel/Guesthouse,Jan - May & Sept - Dec,https://www.himalayanglacier.com
Annapurna Sanctuary Trek  ,1499,14.0,Moderate+Demanding,4130,Hotel/Guesthouse,Jan - May & Sept - Dec,https://www.himalayanglacier.com
Rara Lake Trek  ,1499,15.0,Moderate,3055,Hotel/Guesthouse,Jan - May & Sept - Dec,https://www.himalayanglacier.com
Everest High Passes Trek  ,1499,20.0,Demanding,5546,Hotel/Guesthouse,Jan - May & Sept - Dec,https://www.himalayanglacier.com
Kanchenjunga Circuit Trek  ,1499,25.0,Demanding,5143,Hotel/Guesthouse,Jan - May & Sept - Dec,https://www.himalayanglacier.com
Everest View Trek  ,1499,12.0,Light+Moderate,3870,Hotel/Guesthouse,Jan - May & Sept - Dec,https://www.himalayanglacier.com
Tsum Valley Trek  ,1499,19.0,Demanding,6000,Hotel/Guesthouse,Jan - May & Sept - Dec,https://www.himalayanglacier.com
The Royal Trek  ,1499,9.0,Moderate,1730,Hotel/Guesthouse,Jan - May & Sept - Dec,https://www.himalayanglacier.com
Makalu Base Camp Trek  ,1499,22.0,Demanding+Challenging,4870,Hotel/Guesthouse,Jan - May & Sept - Dec,https://www.himalayanglacier.com
"Langtang, Gosainkunda and Helambu Trek  ",1499,17.0,Moderate,5000,Hotel/Guesthouse,Jan - May & Sept - Dec,https://www.himalayanglacier.com
Nar Phu Valley Trek  ,1499,19.0,Demanding,5416,Hotel/Guesthouse,Jan - May & Sept - Dec,https://www.himalayanglacier.com
Annapurna Circle Trek  ,1499,14.0,Demanding,5416,Hotel/Guesthouse,Jan - May & Sept - Dec,https://www.himalayanglacier.com
Everest Kangshung Face Trek  ,1499,21.0,Demanding+Challenging,5320,Hotel/Guesthouse,Jan - May & Sept - Dec,https://www.himalayanglacier.com
Tsum Valley and Manaslu Trek  ,1499,27.0,Demanding,4460,Hotel/Guesthouse,Jan - May & Sept - Dec,https://www.himalayanglacier.com
Khopra Ridge Community Trek  ,1499,13.0,Moderate+Demanding,4500,Hotel/Guesthouse,Jan - May & Sept - Dec,https://www.himalayanglacier.com
Nepal Experience Tour  ,1499,12.0,Light,3210,Hotel/Guesthouse,Jan - May & Sept - Dec,https://www.himalayanglacier.com
Annapurna Circuit Trek with Tilicho Lake and Poon Hill  ,1499,20.0,Demanding,5416,Hotel/Guesthouse,Jan - May & Sept - Dec,https://www.himalayanglacier.com
Annapurna With Tilicho Lake Trek  ,1499,17.0,Demanding,5416,Hotel/Guesthouse,Jan - May & Sept - Dec,https://www.himalayanglacier.com
Langtang Valley Trek with Ganja la Pass  ,1499,14.0,Demanding+Challenging,5122,Hotel/Guesthouse,Jan - May & Sept - Dec,https://www.himalayanglacier.com
Tamang Heritage Trek  ,1499,14.0,Moderate,3870,Hotel/Guesthouse,Jan - May & Sept - Dec,https://www.himalayanglacier.com
Manaslu and Annapurna Trek with Tilicho Lake  ,1499,25.0,Demanding,5416,Hotel/Guesthouse,Jan - May & Sept - Dec,https://www.himalayanglacier.com
Nepal Trekking and Everest Himalaya Heli Tour  ,1499,7.0,Moderate,5545,Hotel/Guesthouse,Jan - May & Sept - Dec,https://www.himalayanglacier.com
Nepal Hiking and Culture Tour  ,1499,8.0,Moderate,1550,Hotel/Guesthouse,Jan - May & Sept - Dec,https://www.himalayanglacier.com
Annapurna Sunrise and Everest View Trek  ,1499,17.0,Moderate,3870,Hotel/Guesthouse,Jan - May & Sept - Dec,https://www.himalayanglacier.com
Tenzing Hillary Everest Marathon  ,1499,20.0,Demanding+Challenging,5545,Hotel/Guesthouse,Jan - May & Sept - Dec,https://www.himalayanglacier.com
Everest Base Camp Trek,1450,16.0,Moderate-Hard,5545,Hotel/Guesthouse,Jan - May & Sept - Dec,https://www.adventurehimalayacircuit.com
Everest Kalapathar Trekking,1390,15.0,Moderate-Hard,5545,Hotel/Guesthouse,Jan - May & Sept - Dec,https://www.adventurehimalayacircuit.com
Everest Panorama Trek,1040,10.0,Easy-Moderate,3860,Hotel/Guesthouse,Jan - May & Sept - Dec,https://www.adventurehimalayacircuit.com
Everest Base Camp Trek via Gokyo Lake,1530,19.0,Moderate-Hard,5545,Hotel/Guesthouse,Jan - May & Sept - Dec,https://www.adventurehimalayacircuit.com
Gokyo Lake Trek,1190,13.0,Moderate,5357,Hotel/Guesthouse,Jan - May & Sept - Dec,https://www.adventurehimalayacircuit.com
Everest Base Camp Heli Trek,3600,9.0,Moderate,5545,Hotel/Guesthouse,Jan - May & Sept - Dec,https://www.adventurehimalayacircuit.com
Annapurna Circuit Trek,1100,19.0,Moderate-Hard,5416,Hotel/Guesthouse,Jan - May & Sept - Dec,https://www.adventurehimalayacircuit.com
Annapurna Base Camp Trek,1090,16.0,Moderate,4130,Hotel/Guesthouse,Jan - May & Sept - Dec,https://www.adventurehimalayacircuit.com
Ghorepani Poon Hill Trek,450,10.0,Easy,3210,Hotel/Guesthouse,Jan - May & Sept - Dec,https://www.adventurehimalayacircuit.com
Upper Mustang Trek,2100,17.0,Moderate-Hard,4200,Hotel/Guesthouse,Jan - May & Sept - Dec,https://www.adventurehimalayacircuit.com
Mardi Himal Trek,590,9.0,Easy-Moderate,4500,Hotel/Guesthouse,Jan - May & Sept - Dec,https://www.adventurehimalayacircuit.com
Langtang Valley Trekking,690,11.0,Moderate,4773,Hotel/Guesthouse,Jan - May & Sept - Dec,https://www.adventurehimalayacircuit.com
Manaslu Circuit Trek,1190,17.0,Moderate-Hard,5220,Hotel/Guesthouse,Jan - May & Sept - Dec,https://www.adventurehimalayacircuit.com
Annapurna Base Camp Trek,1090,14.0,Moderate,4210,Hotel/Guesthouse,March - May & Sept - Dec,https://www.nepalhikingteam.com
Annapurna Base Camp Short Trek,1090,11.0,Easy To Moderate,4210,Hotel/Teahouses,March - May & Sept - Dec,https://www.nepalhikingteam.com
Instant Annapurna Base Camp Trek,980,9.0,Moderate,4230,Hotel/Guest Houses,March - May & Sept - Dec.,https://www.nepalhikingteam.com
Annapurna Base Camp Heli Trek,1750,9.0,Easy To Moderate,4210,Hotel/Teahouses,March - May & Sept - Dec,https://www.nepalhikingteam.com
Mardi Himal Trek,850,9.0,Easy To Moderate,4200,Hotel/Guesthouses,March - May & Sept - Dec,https://www.nepalhikingteam.com
Mardi Himal Trekking,850,8.0,Easy To Moderate,4200,Hotel/Guesthouse,March-May & Sept-Dec.,https://www.nepalhikingteam.com
Classic Annapurna Circuit Trek,1350,18.0,Moderate,5416,Hotel/Teahouses,March - May & Sept - Nov,https://www.nepalhikingteam.com
Annapurna Circuit Trek,1250,14.0,Moderate,5416,Hotel/Teahouses,March-May & Sept-Dec,https://www.nepalhikingteam.com
Annapurna Circuit Short Trek,1250,12.0,Strenuous,5416,Hotel/Guesthouse,March - May & Sept - Nov.,https://www.nepalhikingteam.com
Annapurna Luxury Trek,1450,9.0,Easy To Moderate,2012,Hotel/Luxury Lodges,March - May & Setpt - Dec,https://www.nepalhikingteam.com
Annapurna Panorama Trek,860,9.0,Easy,3210,Hotel/Teahouse,Jan - May & Sept - Dec,https://www.nepalhikingteam.com
Annapurna Tilicho Lake Trek,1450,17.0,Strenuous,5416,Hotel/Guesthouse,March - May & Sept - Nov,https://www.nepalhikingteam.com
Short Annapurna Trek,590,5.0,Easy,1990,Hotel/Lodges,Jan- May & Sept - Dec,https://www.nepalhikingteam.com
Manaslu Circuit Trek,1450,15.0,Strenuous,5106,Hotel/Guesthouse,March - May & Sept - Nov,https://www.nepalhikingteam.com
Manaslu Circuit Trekking,1380,14.0,Moderate,5220,Hotel/Teahouses,March - May & Setpt - Nov,https://www.nepalhikingteam.com
Tsum Valley with Manaslu Trek,1850,20.0,Strenuous,5220,Hotel/Guesthouse,March - May & Sept - Nov,https://www.nepalhikingteam.com
Upper Mustang Trek,2150,17.0,Easy To Moderate,4210,Hotel/Guesthouse,March - May & Sept - Nov.,https://www.nepalhikingteam.com
Upper Mustang Trek with Yara,2300,18.0,Easy To Moderate,4200,Hotel/Lodges,March - Nov,https://www.nepalhikingteam.com
Upper Mustang Tiji Festival Trek,2150,18.0,Easy To Moderate,4210,Hotel/Teahouses,March - May & Sept - Nov,https://www.nepalhikingteam.com
Langtang Valley Trek,750,10.0,Easy To Moderate,5050,Hotel/Teahouse,March-May & Sept-Dec,https://www.nepalhikingteam.com
Langtang Gosaikunda Trek,1180,16.0,Easy To Moderate,4600,Hotel/Guesthouse,March - May & Sept - Dec,https://www.nepalhikingteam.com
Tamang Heritage Trek,920,14.0,Easy To Moderate,5050,Hotel/Guesthouse,March - May & Sept - Dec,https://www.nepalhikingteam.com
Tamang Heritage Trail,750,8.0,Easy,2607,Teahouses/Lodges,Jan - May & Sept - Dec,https://www.nepalhikingteam.com
Helambu Trek,780,9.0,Easy,3650,Hotel/Guesthouse,Jan - May & Sept- Dec,https://www.nepalhikingteam.com
Annapurna Base Camp Trek  ,1499,11.0,Moderate+Demanding,4130,Hotel/Guesthouse,Jan - May & Sept - Dec,https://www.himalayanglacier.com
Everest Base Camp Trek for Youths  ,1750,14.0,Demanding,5545,Hotel/Guesthouse,Jan - May & Sept - Dec,https://www.himalayanglacier.com
Everest Base Camp Short Trek  ,1499,14.0,Demanding,5545,Hotel/Guesthouse,Jan - May & Sept - Dec,https://www.himalayanglacier.com
Everest Base Camp Trek  ,1499,16.0,Moderate+Demanding,5545,Hotel/Guesthouse,Jan - May & Sept - Dec,https://www.himalayanglacier.com
Annapurna Circuit Trek  ,1499,17.0,Demanding,5416,Hotel/Guesthouse,Jan - May & Sept - Dec,https://www.himalayanglacier.com
Everest Base Camp Luxury Lodge Trek  ,1499,15.0,Demanding,5545,Hotel/Guesthouse,Jan - May & Sept - Dec,https://www.himalayanglacier.com
Everest Base Camp Trek via Gokyo Lakes and Cho La Pass  ,1499,18.0,Demanding,5545,Hotel/Guesthouse,Jan - May & Sept - Dec,https://www.himalayanglacier.com
Upper Mustang Trek  ,1499,17.0,Moderate+Demanding,3870,Hotel/Guesthouse,Jan - May & Sept - Dec,https://www.himalayanglacier.com
Everest Advanced Base Camp Trek from Tibet  ,1499,18.0,Moderate+Demanding,6340,Hotel/Guesthouse,Jan - May & Sept - Dec,https://www.himalayanglacier.com
Gokyo Lakes and Gokyo Ri Trek  ,1499,14.0,Moderate+Demanding,5357,Hotel/Guesthouse,Jan - May & Sept - Dec,https://www.himalayanglacier.com
Mardi Himal Trek  ,1499,10.0,Moderate,3540,Hotel/Guesthouse,Jan - May & Sept - Dec,https://www.himalayanglacier.com
Manaslu Circuit Trek  ,1499,18.0,Demanding,5160,Hotel/Guesthouse,Jan - May & Sept - Dec,https://www.himalayanglacier.com
Langtang Valley Trek  ,1499,11.0,Moderate+Demanding,5000,Hotel/Guesthouse,Jan - May & Sept - Dec,https://www.himalayanglacier.com
Annapurna Sanctuary Trek  ,1499,14.0,Moderate+Demanding,4130,Hotel/Guesthouse,Jan - May & Sept - Dec,https://www.himalayanglacier.com
Rara Lake Trek  ,1499,15.0,Moderate,3055,Hotel/Guesthouse,Jan - May & Sept - Dec,https://www.himalayanglacier.com
Everest High Passes Trek  ,1499,20.0,Demanding,5546,Hotel/Guesthouse,Jan - May & Sept - Dec,https://www.himalayanglacier.com
Kanchenjunga Circuit Trek  ,1499,25.0,Demanding,5143,Hotel/Guesthouse,Jan - May & Sept - Dec,https://www.himalayanglacier.com
Everest View Trek  ,1499,12.0,Light+Moderate,3870,Hotel/Guesthouse,Jan - May & Sept - Dec,https://www.himalayanglacier.com
Tsum Valley Trek  ,1499,19.0,Demanding,6000,Hotel/Guesthouse,Jan - May & Sept - Dec,https://www.himalayanglacier.com
The Royal Trek  ,1499,9.0,Moderate,1730,Hotel/Guesthouse,Jan - May & Sept - Dec,https://www.himalayanglacier.com
Makalu Base Camp Trek  ,1499,22.0,Demanding+Challenging,4870,Hotel/Guesthouse,Jan - May & Sept - Dec,https://www.himalayanglacier.com
"Langtang, Gosainkunda and Helambu Trek  ",1499,17.0,Moderate,5000,Hotel/Guesthouse,Jan - May & Sept - Dec,https://www.himalayanglacier.com
Nar Phu Valley Trek  ,1499,19.0,Demanding,5416,Hotel/Guesthouse,Jan - May & Sept - Dec,https://www.himalayanglacier.com
Annapurna Circle Trek  ,1499,14.0,Demanding,5416,Hotel/Guesthouse,Jan - May & Sept - Dec,https://www.himalayanglacier.com
Everest Kangshung Face Trek  ,1499,21.0,Demanding+Challenging,5320,Hotel/Guesthouse,Jan - May & Sept - Dec,https://www.himalayanglacier.com
Tsum Valley and Manaslu Trek  ,1499,27.0,Demanding,4460,Hotel/Guesthouse,Jan - May & Sept - Dec,https://www.himalayanglacier.com
Khopra Ridge Community Trek  ,1499,13.0,Moderate+Demanding,4500,Hotel/Guesthouse,Jan - May & Sept - Dec,https://www.himalayanglacier.com
Nepal Experience Tour  ,1499,12.0,Light,3210,Hotel/Guesthouse,Jan - May & Sept - Dec,https://www.himalayanglacier.com
Annapurna Circuit Trek with Tilicho Lake and Poon Hill  ,1499,20.0,Demanding,5416,Hotel/Guesthouse,Jan - May & Sept - Dec,https://www.himalayanglacier.com
Annapurna With Tilicho Lake Trek  ,1499,17.0,Demanding,5416,Hotel/Guesthouse,Jan - May & Sept - Dec,https://www.himalayanglacier.com
Langtang Valley Trek with Ganja la Pass  ,1499,14.0,Demanding+Challenging,5122,Hotel/Guesthouse,Jan - May & Sept - Dec,https://www.himalayanglacier.com
Tamang Heritage Trek  ,1499,14.0,Moderate,3870,Hotel/Guesthouse,Jan - May & Sept - Dec,https://www.himalayanglacier.com
Manaslu and Annapurna Trek with Tilicho Lake  ,1499,25.0,Demanding,5416,Hotel/Guesthouse,Jan - May & Sept - Dec,https://www.himalayanglacier.com
Nepal Trekking and Everest Himalaya Heli Tour  ,1499,7.0,Moderate,5545,Hotel/Guesthouse,Jan - May & Sept - Dec,https://www.himalayanglacier.com
Nepal Hiking and Culture Tour  ,1499,8.0,Moderate,1550,Hotel/Guesthouse,Jan - May & Sept - Dec,https://www.himalayanglacier.com
Annapurna Sunrise and Everest View Trek  ,1499,17.0,Moderate,3870,Hotel/Guesthouse,Jan - May & Sept - Dec,https://www.himalayanglacier.com
Tenzing Hillary Everest Marathon  ,1499,20.0,Demanding+Challenging,5545,Hotel/Guesthouse,Jan - May & Sept - Dec,https://www.himalayanglacier.com
Everest Base Camp Trek,1450,16.0,Moderate-Hard,5545,Hotel/Guesthouse,Jan - May & Sept - Dec,https://www.adventurehimalayacircuit.com
Everest Kalapathar Trekking,1390,15.0,Moderate-Hard,5545,Hotel/Guesthouse,Jan - May & Sept - Dec,https://www.adventurehimalayacircuit.com
Everest Panorama Trek,1040,10.0,Easy-Moderate,3860,Hotel/Guesthouse,Jan - May & Sept - Dec,https://www.adventurehimalayacircuit.com
Everest Base Camp Trek via Gokyo Lake,1530,19.0,Moderate-Hard,5545,Hotel/Guesthouse,Jan - May & Sept - Dec,https://www.adventurehimalayacircuit.com
Gokyo Lake Trek,1190,13.0,Moderate,5357,Hotel/Guesthouse,Jan - May & Sept - Dec,https://www.adventurehimalayacircuit.com
Everest Base Camp Heli Trek,3600,9.0,Moderate,5545,Hotel/Guesthouse,Jan - May & Sept - Dec,https://www.adventurehimalayacircuit.com
Annapurna Circuit Trek,1100,19.0,Moderate-Hard,5416,Hotel/Guesthouse,Jan - May & Sept - Dec,https://www.adventurehimalayacircuit.com
Annapurna Base Camp Trek,1090,16.0,Moderate,4130,Hotel/Guesthouse,Jan - May & Sept - Dec,https://www.adventurehimalayacircuit.com
Ghorepani Poon Hill Trek,450,10.0,Easy,3210,Hotel/Guesthouse,Jan - May & Sept - Dec,https://www.adventurehimalayacircuit.com
Upper Mustang Trek,2100,17.0,Moderate-Hard,4200,Hotel/Guesthouse,Jan - May & Sept - Dec,https://www.adventurehimalayacircuit.com
Mardi Himal Trek,590,9.0,Easy-Moderate,4500,Hotel/Guesthouse,Jan - May & Sept - Dec,https://www.adventurehimalayacircuit.com
Langtang Valley Trekking,690,11.0,Moderate,4773,Hotel/Guesthouse,Jan - May & Sept - Dec,https://www.adventurehimalayacircuit.com
Manaslu Circuit Trek,1190,17.0,Moderate-Hard,5220,Hotel/Guesthouse,Jan - May & Sept - Dec,https://www.adventurehimalayacircuit.com
Annapurna Base Camp Trek,1090,14.0,Moderate,4210,Hotel/Guesthouse,March - May & Sept - Dec,https://www.nepalhikingteam.com
Annapurna Base Camp Short Trek,1090,11.0,Easy To Moderate,4210,Hotel/Teahouses,March - May & Sept - Dec,https://www.nepalhikingteam.com
Instant Annapurna Base Camp Trek,980,9.0,Moderate,4230,Hotel/Guest Houses,March - May & Sept - Dec.,https://www.nepalhikingteam.com
Annapurna Base Camp Heli Trek,1750,9.0,Easy To Moderate,4210,Hotel/Teahouses,March - May & Sept - Dec,https://www.nepalhikingteam.com
Mardi Himal Trek,850,9.0,Easy To Moderate,4200,Hotel/Guesthouses,March - May & Sept - Dec,https://www.nepalhikingteam.com
Mardi Himal Trekking,850,8.0,Easy To Moderate,4200,Hotel/Guesthouse,March-May & Sept-Dec.,https://www.nepalhikingteam.com
Classic Annapurna Circuit Trek,1350,18.0,Moderate,5416,Hotel/Teahouses,March - May & Sept - Nov,https://www.nepalhikingteam.com
Annapurna Circuit Trek,1250,14.0,Moderate,5416,Hotel/Teahouses,March-May & Sept-Dec,https://www.nepalhikingteam.com
Annapurna Circuit Short Trek,1250,12.0,Strenuous,5416,Hotel/Guesthouse,March - May & Sept - Nov.,https://www.nepalhikingteam.com
Annapurna Luxury Trek,1450,9.0,Easy To Moderate,2012,Hotel/Luxury Lodges,March - May & Setpt - Dec,https://www.nepalhikingteam.com
Annapurna Panorama Trek,860,9.0,Easy,3210,Hotel/Teahouse,Jan - May & Sept - Dec,https://www.nepalhikingteam.com
Annapurna Tilicho Lake Trek,1450,17.0,Strenuous,5416,Hotel/Guesthouse,March - May & Sept - Nov,https://www.nepalhikingteam.com
Short Annapurna Trek,590,5.0,Easy,1990,Hotel/Lodges,Jan- May & Sept - Dec,https://www.nepalhikingteam.com
Manaslu Circuit Trek,1450,15.0,Strenuous,5106,Hotel/Guesthouse,March - May & Sept - Nov,https://www.nepalhikingteam.com
Manaslu Circuit Trekking,1380,14.0,Moderate,5220,Hotel/Teahouses,March - May & Setpt - Nov,https://www.nepalhikingteam.com
Tsum Valley with Manaslu Trek,1850,20.0,Strenuous,5220,Hotel/Guesthouse,March - May & Sept - Nov,https://www.nepalhikingteam.com
Upper Mustang Trek,2150,17.0,Easy To Moderate,4210,Hotel/Guesthouse,March - May & Sept - Nov.,https://www.nepalhikingteam.com
Upper Mustang Trek with Yara,2300,18.0,Easy To Moderate,4200,Hotel/Lodges,March - Nov,https://www.nepalhikingteam.com
Upper Mustang Tiji Festival Trek,2150,18.0,Easy To Moderate,4210,Hotel/Teahouses,March - May & Sept - Nov,https://www.nepalhikingteam.com
Langtang Valley Trek,750,10.0,Easy To Moderate,5050,Hotel/Teahouse,March-May & Sept-Dec,https://www.nepalhikingteam.com
Langtang Gosaikunda Trek,1180,16.0,Easy To Moderate,4600,Hotel/Guesthouse,March - May & Sept - Dec,https://www.nepalhikingteam.com
Tamang Heritage Trek,920,14.0,Easy To Moderate,5050,Hotel/Guesthouse,March - May & Sept - Dec,https://www.nepalhikingteam.com
Tamang Heritage Trail,750,8.0,Easy,2607,Teahouses/Lodges,Jan - May & Sept - Dec,https://www.nepalhikingteam.com
Helambu Trek,780,9.0,Easy,3650,Hotel/Guesthouse,Jan - May & Sept- Dec,https://www.nepalhikingteam.com
Annapurna Base Camp Trek  ,1499,11.0,Moderate+Demanding,4130,Hotel/Guesthouse,Jan - May & Sept - Dec,https://www.himalayanglacier.com
Everest Base Camp Trek for Youths  ,1750,14.0,Demanding,5545,Hotel/Guesthouse,Jan - May & Sept - Dec,https://www.himalayanglacier.com
Everest Base Camp Short Trek  ,1499,14.0,Demanding,5545,Hotel/Guesthouse,Jan - May & Sept - Dec,https://www.himalayanglacier.com
Everest Base Camp Trek  ,1499,16.0,Moderate+Demanding,5545,Hotel/Guesthouse,Jan - May & Sept - Dec,https://www.himalayanglacier.com
Annapurna Circuit Trek  ,1499,17.0,Demanding,5416,Hotel/Guesthouse,Jan - May & Sept - Dec,https://www.himalayanglacier.com
Everest Base Camp Luxury Lodge Trek  ,1499,15.0,Demanding,5545,Hotel/Guesthouse,Jan - May & Sept - Dec,https://www.himalayanglacier.com
Everest Base Camp Trek via Gokyo Lakes and Cho La Pass  ,1499,18.0,Demanding,5545,Hotel/Guesthouse,Jan - May & Sept - Dec,https://www.himalayanglacier.com
Upper Mustang Trek  ,1499,17.0,Moderate+Demanding,3870,Hotel/Guesthouse,Jan - May & Sept - Dec,https://www.himalayanglacier.com
Everest Advanced Base Camp Trek from Tibet  ,1499,18.0,Moderate+Demanding,6340,Hotel/Guesthouse,Jan - May & Sept - Dec,https://www.himalayanglacier.com
Gokyo Lakes and Gokyo Ri Trek  ,1499,14.0,Moderate+Demanding,5357,Hotel/Guesthouse,Jan - May & Sept - Dec,https://www.himalayanglacier.com
Mardi Himal Trek  ,1499,10.0,Moderate,3540,Hotel/Guesthouse,Jan - May & Sept - Dec,https://www.himalayanglacier.com
Manaslu Circuit Trek  ,1499,18.0,Demanding,5160,Hotel/Guesthouse,Jan - May & Sept - Dec,https://www.himalayanglacier.com
Langtang Valley Trek  ,1499,11.0,Moderate+Demanding,5000,Hotel/Guesthouse,Jan - May & Sept - Dec,https://www.himalayanglacier.com
Annapurna Sanctuary Trek  ,1499,14.0,Moderate+Demanding,4130,Hotel/Guesthouse,Jan - May & Sept - Dec,https://www.himalayanglacier.com
Rara Lake Trek  ,1499,15.0,Moderate,3055,Hotel/Guesthouse,Jan - May & Sept - Dec,https://www.himalayanglacier.com
Everest High Passes Trek  ,1499,20.0,Demanding,5546,Hotel/Guesthouse,Jan - May & Sept - Dec,https://www.himalayanglacier.com
Kanchenjunga Circuit Trek  ,1499,25.0,Demanding,5143,Hotel/Guesthouse,Jan - May & Sept - Dec,https://www.himalayanglacier.com
Everest View Trek  ,1499,12.0,Light+Moderate,3870,Hotel/Guesthouse,Jan - May & Sept - Dec,https://www.himalayanglacier.com
Tsum Valley Trek  ,1499,19.0,Demanding,6000,Hotel/Guesthouse,Jan - May & Sept - Dec,https://www.himalayanglacier.com
The Royal Trek  ,1499,9.0,Moderate,1730,Hotel/Guesthouse,Jan - May & Sept - Dec,https://www.himalayanglacier.com
Makalu Base Camp Trek  ,1499,22.0,Demanding+Challenging,4870,Hotel/Guesthouse,Jan - May & Sept - Dec,https://www.himalayanglacier.com
"Langtang, Gosainkunda and Helambu Trek  ",1499,17.0,Moderate,5000,Hotel/Guesthouse,Jan - May & Sept - Dec,https://www.himalayanglacier.com
Nar Phu Valley Trek  ,1499,19.0,Demanding,5416,Hotel/Guesthouse,Jan - May & Sept - Dec,https://www.himalayanglacier.com
Annapurna Circle Trek  ,1499,14.0,Demanding,5416,Hotel/Guesthouse,Jan - May & Sept - Dec,https://www.himalayanglacier.com
Everest Kangshung Face Trek  ,1499,21.0,Demanding+Challenging,5320,Hotel/Guesthouse,Jan - May & Sept - Dec,https://www.himalayanglacier.com
Tsum Valley and Manaslu Trek  ,1499,27.0,Demanding,4460,Hotel/Guesthouse,Jan - May & Sept - Dec,https://www.himalayanglacier.com
Khopra Ridge Community Trek  ,1499,13.0,Moderate+Demanding,4500,Hotel/Guesthouse,Jan - May & Sept - Dec,https://www.himalayanglacier.com
Nepal Experience Tour  ,1499,12.0,Light,3210,Hotel/Guesthouse,Jan - May & Sept - Dec,https://www.himalayanglacier.com
Annapurna Circuit Trek with Tilicho Lake and Poon Hill  ,1499,20.0,Demanding,5416,Hotel/Guesthouse,Jan - May & Sept - Dec,https://www.himalayanglacier.com
Annapurna With Tilicho Lake Trek  ,1499,17.0,Demanding,5416,Hotel/Guesthouse,Jan - May & Sept - Dec,https://www.himalayanglacier.com
Langtang Valley Trek with Ganja la Pass  ,1499,14.0,Demanding+Challenging,5122,Hotel/Guesthouse,Jan - May & Sept - Dec,https://www.himalayanglacier.com
Tamang Heritage Trek  ,1499,14.0,Moderate,3870,Hotel/Guesthouse,Jan - May & Sept - Dec,https://www.himalayanglacier.com
Manaslu and Annapurna Trek with Tilicho Lake  ,1499,25.0,Demanding,5416,Hotel/Guesthouse,Jan - May & Sept - Dec,https://www.himalayanglacier.com
Nepal Trekking and Everest Himalaya Heli Tour  ,1499,7.0,Moderate,5545,Hotel/Guesthouse,Jan - May & Sept - Dec,https://www.himalayanglacier.com
Nepal Hiking and Culture Tour  ,1499,8.0,Moderate,1550,Hotel/Guesthouse,Jan - May & Sept - Dec,https://www.himalayanglacier.com
Annapurna Sunrise and Everest View Trek  ,1499,17.0,Moderate,3870,Hotel/Guesthouse,Jan - May & Sept - Dec,https://www.himalayanglacier.com
Tenzing Hillary Everest Marathon  ,1499,20.0,Demanding+Challenging,5545,Hotel/Guesthouse,Jan - May & Sept - Dec,https://www.himalayanglacier.com
Everest Base Camp Trek,1450,16.0,Moderate-Hard,5545,Hotel/Guesthouse,Jan - May & Sept - Dec,https://www.adventurehimalayacircuit.com
Everest Kalapathar Trekking,1390,15.0,Moderate-Hard,5545,Hotel/Guesthouse,Jan - May & Sept - Dec,https://www.adventurehimalayacircuit.com
Everest Panorama Trek,1040,10.0,Easy-Moderate,3860,Hotel/Guesthouse,Jan - May & Sept - Dec,https://www.adventurehimalayacircuit.com
Everest Base Camp Trek via Gokyo Lake,1530,19.0,Moderate-Hard,5545,Hotel/Guesthouse,Jan - May & Sept - Dec,https://www.adventurehimalayacircuit.com
Gokyo Lake Trek,1190,13.0,Moderate,5357,Hotel/Guesthouse,Jan - May & Sept - Dec,https://www.adventurehimalayacircuit.com
Everest Base Camp Heli Trek,3600,9.0,Moderate,5545,Hotel/Guesthouse,Jan - May & Sept - Dec,https://www.adventurehimalayacircuit.com
Annapurna Circuit Trek,1100,19.0,Moderate-Hard,5416,Hotel/Guesthouse,Jan - May & Sept - Dec,https://www.adventurehimalayacircuit.com
Annapurna Base Camp Trek,1090,16.0,Moderate,4130,Hotel/Guesthouse,Jan - May & Sept - Dec,https://www.adventurehimalayacircuit.com
Ghorepani Poon Hill Trek,450,10.0,Easy,3210,Hotel/Guesthouse,Jan - May & Sept - Dec,https://www.adventurehimalayacircuit.com
Upper Mustang Trek,2100,17.0,Moderate-Hard,4200,Hotel/Guesthouse,Jan - May & Sept - Dec,https://www.adventurehimalayacircuit.com
Mardi Himal Trek,590,9.0,Easy-Moderate,4500,Hotel/Guesthouse,Jan - May & Sept - Dec,https://www.adventurehimalayacircuit.com
Langtang Valley Trekking,690,11.0,Moderate,4773,Hotel/Guesthouse,Jan - May & Sept - Dec,https://www.adventurehimalayacircuit.com
Manaslu Circuit Trek,1190,17.0,Moderate-Hard,5220,Hotel/Guesthouse,Jan - May & Sept - Dec,https://www.adventurehimalayacircuit.com
